start_station_id,end_station_id,n_trips,duration
2,2,191,1724363
2,3,448,258472
2,4,2200,638922
2,5,627,365842
2,6,1274,570710
2,7,1007,524106
2,8,228,168893
2,9,634,644274
2,10,519,530961
2,11,808,506622
2,12,190,1487769
2,13,595,392499
2,14,35,19514
2,16,392,325589
2,28,3,249615
2,33,1,12893
2,37,1,75844
2,80,23,29485
2,84,382,319453
3,2,381,410385
3,3,391,4049992
3,4,118,65164
3,5,53,116974
3,6,107,87681
3,7,55,85450
3,8,36,510016
3,9,29,45986
3,10,92,53034
3,11,101,89546
3,12,54,763968
3,13,22,25275
3,14,49,43891
3,16,51,267206
3,28,4,35757
3,72,1,12088
3,80,9,13648
3,84,41,31518
4,2,2283,1273669
4,3,78,66307
4,4,198,1495756
4,5,32,31956
4,6,49,81900
4,7,106,103360
4,8,51,84859
4,9,26,29488
4,10,32,54600
4,11,44,30373
4,12,330,163747
4,13,16,27212
4,14,554,148385
4,16,37,27736
4,70,1,41312
4,80,10,13722
4,84,14,54652
5,2,687,219293
5,3,49,40315
5,4,37,29504
5,5,78,260152
5,6,45,54950
5,7,74,139217
5,8,30,121815
5,9,17,14063
5,10,33,24727
5,11,49,363490
5,12,57,35659
5,13,24,67884
5,14,29,21888
5,16,34,20253
5,33,1,84633
5,80,9,10064
5,84,4,2048
6,2,1172,492648
6,3,122,132823
6,4,44,286286
6,5,34,25169
6,6,197,1727118
6,7,139,108878
6,8,93,75912
6,9,260,639903
6,10,117,200132
6,11,111,111751
6,12,47,32442
6,13,154,39295
6,14,105,36925
6,16,60,82856
6,80,100,70785
6,84,162,81353
7,2,695,476139
7,3,59,98607
7,4,88,44567
7,5,59,50033
7,6,133,82391
7,7,149,694539
7,8,162,139345
7,9,222,428796
7,10,70,301900
7,11,136,212574
7,12,50,165845
7,13,97,54451
7,14,44,38997
7,16,220,132723
7,76,1,7798
7,80,5,36506
7,84,43,31580
8,2,261,163981
8,3,51,186173
8,4,34,89413
8,5,15,21168
8,6,135,92933
8,7,126,60684
8,8,160,696204
8,9,70,99798
8,10,101,223822
8,11,435,125849
8,12,88,127515
8,13,55,32734
8,14,30,29832
8,16,105,174458
8,31,3,20500
8,80,6,9113
8,84,17,9465
9,2,438,371613
9,3,62,97674
9,4,64,43767
9,5,30,27494
9,6,252,195163
9,7,110,509949
9,8,92,217148
9,9,230,1838552
9,10,133,208011
9,11,151,128180
9,12,41,37838
9,13,72,62684
9,14,35,37601
9,16,31,40568
9,37,2,155451
9,80,46,66284
9,84,121,178940
10,2,716,514214
10,3,118,80214
10,4,37,66542
10,5,65,39709
10,6,109,62565
10,7,144,67800
10,8,435,141306
10,9,127,201549
10,10,229,885037
10,11,142,128370
10,12,80,45532
10,13,48,38355
10,14,21,13673
10,16,88,413831
10,80,19,22786
10,84,15,118956
11,2,806,462159
11,3,71,143024
11,4,42,34836
11,5,31,78747
11,6,97,105180
11,7,90,88531
11,8,85,42417
11,9,201,145739
11,10,85,269863
11,11,178,1214729
11,12,66,84251
11,13,61,39814
11,14,17,17800
11,16,150,246866
11,28,2,36968
11,76,1,29942
11,80,14,23127
11,84,37,22644
12,2,125,91426
12,3,58,54255
12,4,228,108104
12,5,32,24610
12,6,58,38095
12,7,54,28839
12,8,79,37007
12,9,44,129631
12,10,43,50433
12,11,67,92062
12,12,110,979100
12,13,89,34294
12,14,20,24760
12,16,133,525712
12,80,9,58292
12,84,21,19248
13,2,645,329980
13,3,25,20945
13,4,16,11937
13,5,26,15836
13,6,172,162347
13,7,85,50317
13,8,92,54048
13,9,112,156734
13,10,62,33345
13,11,90,40041
13,12,103,38615
13,13,85,435804
13,14,90,38691
13,16,34,23291
13,80,22,16738
13,84,21,105149
14,2,37,183593
14,3,49,99683
14,4,542,120389
14,5,27,745778
14,6,189,373696
14,7,65,47887
14,8,27,119739
14,9,43,123181
14,10,16,10370
14,11,26,22207
14,12,29,46928
14,13,96,51586
14,14,218,852434
14,16,16,16866
14,80,79,98339
14,84,37,25420
16,2,410,336391
16,3,34,39669
16,4,26,19697
16,5,40,25787
16,6,50,43310
16,7,245,276651
16,8,120,231358
16,9,23,33844
16,10,91,193706
16,11,116,128312
16,12,141,60432
16,13,42,26543
16,14,17,16218
16,16,104,520159
16,80,11,14396
16,84,3,2623
21,21,38,203735
21,22,117,37299
21,23,6,4374
21,24,23,54171
21,25,17,16958
21,26,3,11084
21,34,3,8610
21,35,11,37235
21,37,2,7997
21,83,4,3890
22,21,167,108131
22,22,155,1689126
22,23,134,42106
22,24,110,72342
22,25,345,1118152
22,26,371,224768
22,28,1,16744
22,29,1,4068
22,34,34,307143
22,35,5,32322
22,36,1,2457
22,37,2,5241
22,38,2,4693
22,70,2,44971
22,72,1,236
22,83,223,81525
23,21,6,4507
23,22,71,157950
23,23,84,476751
23,24,40,38166
23,25,35,17187
23,26,38,37424
23,35,1,3206
23,37,1,12731
23,38,1,1860
23,83,10,29931
24,21,22,10940
24,22,68,140098
24,23,36,15055
24,24,54,622190
24,25,14,94384
24,26,5,4114
24,32,1,69840
24,34,1,1983
24,35,2,6211
24,37,2,2841
24,83,8,7721
25,21,9,8866
25,22,348,296193
25,23,27,12615
25,24,18,33368
25,25,65,210755
25,26,10,63015
25,34,18,28051
25,35,3,12522
25,36,2,6219
25,37,1,4894
25,83,2,2165
26,16,1,229914
26,21,4,2517
26,22,212,594176
26,23,48,69208
26,24,11,22914
26,25,11,25533
26,26,21,270814
26,37,2,10005
26,83,1,6321
27,13,1,54178
27,27,197,1817222
27,28,2401,1111500
27,29,44,99860
27,30,64,36737
27,31,67,67277
27,32,77,220563
27,33,108,257601
27,34,2,32363
27,35,2,8867
27,36,6,21668
27,38,12,76968
27,80,3,130109
28,2,2,202415
28,9,1,6067
28,13,1,25953
28,27,2666,1188795
28,28,528,4551306
28,29,140,327082
28,30,1082,507977
28,31,187,185733
28,32,1490,961070
28,33,399,516028
28,34,11,750643
28,35,8,40126
28,36,6,31270
28,37,3,10999
28,38,19,36029
28,70,1,6298
29,3,1,11083
29,8,1,28712
29,21,1,9493
29,22,1,12119
29,25,2,5960
29,27,41,40386
29,28,105,456589
29,29,133,2711990
29,30,7,8735
29,31,1272,488242
29,32,8,217068
29,33,280,146530
29,34,23,255039
29,35,16,92505
29,36,50,84329
29,37,3,9754
29,38,42,58041
29,67,2,62922
29,76,2,31723
30,14,1,27409
30,27,101,73834
30,28,1337,753913
30,29,6,8572
30,30,180,945753
30,31,4,8119
30,32,30,73907
30,33,8,9172
31,27,50,54216
31,28,176,181109
31,29,1278,620410
31,30,2,3868
31,31,75,1064562
31,32,26,1899121
31,33,71,48960
31,34,4,7854
31,35,90,142926
31,36,25,30753
31,37,2,11615
31,38,17,26740
31,70,1,7131
31,72,1,56649
32,2,2,156137
32,27,89,318078
32,28,1677,893112
32,29,12,17115
32,30,24,179417
32,31,47,584811
32,32,161,1157928
32,33,16,22466
32,36,1,1645
32,37,1,7530
32,38,3,105354
32,63,2,358425
33,9,2,21088
33,27,125,619396
33,28,430,950974
33,29,280,140956
33,30,5,6087
33,31,63,74016
33,32,17,38564
33,33,160,2570643
33,35,12,41386
33,36,20,63678
33,38,15,185751
34,21,2,4382
34,22,7,19881
34,24,4,7905
34,25,15,22728
34,27,1,3044
34,28,18,147795
34,29,32,54750
34,30,1,4048
34,31,8,15429
34,32,1,72535
34,33,5,19071
34,34,396,3056384
34,35,112,762995
34,36,429,1527783
34,37,712,570277
34,38,366,335007
34,70,2,153666
35,21,3,6904
35,22,3,7817
35,23,2,3837
35,24,2,3336
35,27,1,27984
35,28,8,96274
35,29,18,49012
35,30,1,4759
35,31,71,719711
35,32,2,8483
35,33,6,15019
35,34,68,648618
35,35,894,8264042
35,36,175,366287
35,37,164,338973
35,38,91,101341
35,70,3,58045
36,25,6,14630
36,27,5,10304
36,28,9,25151
36,29,72,174808
36,30,1,4072
36,31,15,108995
36,33,11,16668
36,34,262,1066178
36,35,260,402661
36,36,213,2624476
36,37,82,194256
36,38,87,39401
36,56,1,56583
36,70,1,3553
36,77,1,6598
37,21,2,5063
37,24,1,3006
37,25,4,6996
37,28,3,16450
37,29,10,28814
37,30,2,14905
37,31,1,2946
37,33,2,5321
37,34,739,827594
37,35,279,449578
37,36,106,245670
37,37,169,1732588
37,38,56,64794
38,27,8,15089
38,28,17,29732
38,29,47,133504
38,30,1,4517
38,31,18,27440
38,32,2,4907
38,33,23,35919
38,34,255,628684
38,35,125,276845
38,36,102,135504
38,37,61,91269
38,38,90,1929271
38,70,1,15940
39,31,1,6162
39,35,1,18112
39,39,614,5771049
39,41,157,151107
39,42,104,116238
39,45,231,316659
39,46,427,398650
39,47,230,118724
39,48,175,527863
39,49,132,93628
39,50,529,807533
39,51,84,133021
39,54,85,330116
39,55,374,217006
39,56,387,228946
39,57,331,248599
39,58,433,641050
39,59,359,567806
39,60,566,1799464
39,61,203,323719
39,62,480,253330
39,63,188,120480
39,64,180,139999
39,65,871,685902
39,66,1114,1050195
39,67,2087,1670634
39,68,128,223019
39,69,2854,1381926
39,70,1852,1466493
39,71,182,824309
39,72,774,1101649
39,73,218,706808
39,74,424,877347
39,75,301,514879
39,76,311,778939
39,77,897,891654
39,82,94,95162
41,39,456,330981
41,41,384,2361821
41,42,98,89091
41,45,84,66233
41,46,77,86634
41,47,156,395303
41,48,144,145960
41,49,209,104029
41,50,327,336111
41,51,164,137422
41,54,212,155751
41,55,684,283681
41,56,169,96076
41,57,147,169059
41,58,42,64187
41,59,87,311926
41,60,778,1026804
41,61,607,512630
41,62,188,104392
41,63,255,115932
41,64,174,113824
41,65,140,176220
41,66,83,87224
41,67,109,118810
41,68,136,136828
41,69,381,412802
41,70,1575,1480137
41,71,224,183292
41,72,161,175518
41,73,332,328796
41,74,152,125407
41,75,265,71628
41,76,345,207175
41,77,314,131935
41,82,335,121967
42,39,164,551426
42,41,84,103381
42,42,522,1804259
42,45,500,147232
42,46,92,94653
42,47,169,138520
42,48,187,170917
42,49,325,167849
42,50,276,244325
42,51,195,86884
42,54,198,138929
42,55,399,139396
42,56,473,112819
42,57,70,72577
42,58,23,30390
42,59,51,49443
42,60,948,669535
42,61,637,569549
42,62,51,80496
42,63,169,128868
42,64,101,104684
42,65,67,84619
42,66,57,78901
42,67,110,201723
42,68,34,26978
42,69,473,468353
42,70,1594,1467225
42,71,272,238609
42,72,110,99326
42,73,214,285099
42,74,205,92552
42,75,228,173767
42,76,248,158579
42,77,480,349109
42,82,231,84545
45,22,1,3237
45,39,426,260123
45,41,124,53469
45,42,709,295844
45,45,248,1013983
45,46,53,61717
45,47,278,137030
45,48,61,93036
45,49,271,145847
45,50,593,352500
45,51,170,94511
45,54,557,379683
45,55,892,381472
45,56,367,127852
45,57,287,190808
45,58,130,175367
45,59,34,34353
45,60,284,341392
45,61,291,243293
45,62,134,83722
45,63,233,112715
45,64,267,234597
45,65,130,205378
45,66,155,168998
45,67,138,128898
45,68,520,282721
45,69,369,310975
45,70,1124,982138
45,71,282,443618
45,72,163,132641
45,73,169,403763
45,74,143,64313
45,75,464,264376
45,76,533,478064
45,77,1048,483628
45,82,240,132798
46,39,460,378111
46,41,82,92316
46,42,88,110467
46,45,35,248771
46,46,319,2113379
46,47,169,155889
46,48,138,203994
46,49,58,39518
46,50,305,347045
46,51,185,115913
46,54,150,138375
46,55,263,266672
46,56,258,167714
46,57,77,77163
46,58,50,152721
46,59,38,100003
46,60,434,1164534
46,61,96,134851
46,62,50,34132
46,63,155,154773
46,64,104,196584
46,65,98,138851
46,66,72,127694
46,67,189,176284
46,68,104,93152
46,69,244,278641
46,70,200,379016
46,71,179,498942
46,72,100,109822
46,73,160,605262
46,74,116,167376
46,75,210,306213
46,76,219,217390
46,77,236,195000
46,82,123,323785
47,39,251,224133
47,41,155,58383
47,42,200,180432
47,45,219,154487
47,46,593,177113
47,47,206,1162662
47,48,93,172556
47,49,171,90525
47,50,527,515094
47,51,121,66186
47,54,142,101668
47,55,288,108846
47,56,126,131261
47,57,190,93143
47,58,105,111030
47,59,145,198428
47,60,398,866415
47,61,269,260747
47,62,171,140409
47,63,220,138600
47,64,536,209055
47,65,380,330071
47,66,287,260377
47,67,393,347466
47,68,121,58211
47,69,490,364006
47,70,799,559572
47,71,150,397016
47,72,219,245353
47,73,427,373530
47,74,364,276883
47,75,209,194150
47,76,210,325063
47,77,71,422223
47,82,217,143875
48,39,153,622600
48,41,119,160170
48,42,150,145582
48,45,69,56084
48,46,90,94200
48,47,63,156987
48,48,620,2932682
48,49,173,101235
48,50,731,1396426
48,51,250,214807
48,54,565,474104
48,55,457,225302
48,56,457,198492
48,57,96,184509
48,58,30,78112
48,59,45,170575
48,60,1181,2720617
48,61,536,764919
48,62,50,201944
48,63,108,69323
48,64,302,219760
48,65,103,124911
48,66,92,264766
48,67,78,409724
48,68,82,129636
48,69,387,368743
48,70,1115,1246429
48,71,140,456787
48,72,112,210416
48,73,209,540891
48,74,1449,792333
48,75,177,443944
48,76,222,753153
48,77,122,296535
48,82,59,82545
49,39,176,150928
49,41,189,152446
49,42,247,171764
49,45,323,175051
49,46,94,167599
49,47,133,105165
49,48,206,220639
49,49,323,992162
49,50,682,332141
49,51,62,298955
49,54,288,150994
49,55,186,45058
49,56,295,113612
49,57,353,202725
49,58,26,30385
49,59,107,113745
49,60,551,674401
49,61,1158,523777
49,62,275,104541
49,63,293,149058
49,64,448,168723
49,65,697,743977
49,66,97,116430
49,67,150,205215
49,68,372,261116
49,69,819,542206
49,70,1493,897901
49,71,133,150292
49,72,97,94822
49,73,167,276434
49,74,541,264507
49,75,306,124555
49,76,300,307052
49,77,166,297091
49,82,196,101898
50,39,676,1249861
50,41,273,453748
50,42,320,425809
50,45,508,428287
50,46,249,608541
50,47,496,728817
50,48,1286,2375571
50,49,381,267196
50,50,1733,10819388
50,51,212,233145
50,54,1187,913080
50,55,576,357523
50,56,160,335036
50,57,601,559237
50,58,130,274581
50,59,122,525675
50,60,6164,7793685
50,61,4357,2913319
50,62,625,1203096
50,63,781,486513
50,64,924,733052
50,65,1284,1351522
50,66,212,713320
50,67,357,1232048
50,68,793,833919
50,69,1391,1434744
50,70,3033,2797767
50,71,483,1175640
50,72,171,1070558
50,73,580,1540024
50,74,108,478978
50,75,708,677813
50,76,794,1117314
50,77,1005,850025
50,82,254,277306
51,39,124,142951
51,41,93,51144
51,42,173,211501
51,45,154,107873
51,46,334,183313
51,47,112,74204
51,48,206,326238
51,49,60,82143
51,50,343,324636
51,51,358,1278208
51,54,873,347442
51,55,114,45497
51,56,127,209698
51,57,151,106154
51,58,9,11189
51,59,24,39799
51,60,798,883615
51,61,1201,783530
51,62,81,57037
51,63,288,110157
51,64,345,154271
51,65,347,398311
51,66,90,141467
51,67,61,103323
51,68,309,256951
51,69,1572,991430
51,70,3967,2844287
51,71,89,168076
51,72,52,84859
51,73,229,236319
51,74,463,241045
51,75,264,130922
51,76,211,247630
51,77,299,227973
51,82,133,73474
54,23,1,4436
54,39,88,93903
54,41,478,304724
54,42,188,134365
54,45,469,322497
54,46,99,72542
54,47,99,253129
54,48,952,894479
54,49,361,157656
54,50,1486,1001417
54,51,783,450495
54,54,580,2734969
54,55,311,111667
54,56,280,132361
54,57,104,78801
54,58,17,26363
54,59,33,68445
54,60,1318,2329041
54,61,731,441434
54,62,186,84254
54,63,209,107820
54,64,122,57644
54,65,435,324303
54,66,36,79339
54,67,51,487185
54,68,147,113395
54,69,715,414143
54,70,2054,1347587
54,71,99,230645
54,72,64,78159
54,73,116,227376
54,74,921,650333
54,75,705,503476
54,76,135,218823
54,77,188,194771
54,82,250,174227
55,39,432,563814
55,41,707,240636
55,42,275,144336
55,45,1142,488953
55,46,328,245205
55,47,312,148100
55,48,646,402181
55,49,290,168648
55,50,690,320967
55,51,141,47068
55,54,412,136352
55,55,275,1232408
55,56,341,229319
55,57,1368,593647
55,58,46,65624
55,59,717,704040
55,60,905,685317
55,61,1974,969686
55,62,369,180940
55,63,672,322979
55,64,959,451838
55,65,1418,1222264
55,66,550,587336
55,67,654,604785
55,68,683,226714
55,69,2022,1226266
55,70,3526,2309366
55,71,144,154279
55,72,605,478865
55,73,426,353571
55,74,288,112378
55,75,289,124056
55,76,1147,641287
55,77,371,218647
55,82,965,497775
56,39,411,477253
56,41,82,85455
56,42,379,246184
56,45,728,216210
56,46,136,163816
56,47,141,167307
56,48,856,481163
56,49,585,230771
56,50,388,276244
56,51,209,60492
56,54,443,281829
56,55,1151,207456
56,56,255,1751908
56,57,124,148085
56,58,48,151140
56,59,80,374556
56,60,1084,980647
56,61,1172,802124
56,62,95,52527
56,63,185,78402
56,64,458,255476
56,65,204,207017
56,66,144,178032
56,67,326,336159
56,68,128,60885
56,69,1045,737431
56,70,2042,1552883
56,71,188,208924
56,72,164,191129
56,73,347,437002
56,74,108,128517
56,75,77,160128
56,76,480,886387
56,77,191,347981
56,82,1254,593607
56,83,1,20586
57,22,1,4148
57,39,374,376604
57,41,164,108089
57,42,70,50503
57,45,352,192939
57,46,114,112853
57,47,194,114177
57,48,161,292359
57,49,306,199789
57,50,576,522545
57,51,140,92620
57,54,71,69513
57,55,856,453992
57,56,136,106968
57,57,400,2781728
57,58,74,49318
57,59,111,97850
57,60,402,779482
57,61,177,126880
57,62,239,100017
57,63,272,117894
57,64,326,173759
57,65,589,446493
57,66,290,466722
57,67,492,355897
57,68,156,218887
57,69,1732,965682
57,70,2311,1093096
57,71,188,206955
57,72,460,209680
57,73,125,288623
57,74,532,494757
57,75,141,124290
57,76,348,292670
57,77,518,313764
57,82,128,141693
58,10,1,80183
58,39,414,568430
58,41,17,108084
58,42,23,80775
58,45,71,157562
58,46,43,46857
58,47,180,163737
58,48,15,33872
58,49,60,62383
58,50,159,266960
58,51,11,11453
58,54,15,18908
58,55,52,43603
58,56,68,58357
58,57,103,68154
58,58,268,1369298
58,59,92,287466
58,60,118,677564
58,61,51,105182
58,62,42,42543
58,63,39,30834
58,64,106,94331
58,65,271,182703
58,66,220,174321
58,67,190,338755
58,68,67,53171
58,69,309,225391
58,70,395,261641
58,71,121,338663
58,72,142,556848
58,73,126,218485
58,74,92,269351
58,75,109,116749
58,76,315,372905
58,77,210,358482
58,82,20,85335
59,39,349,326631
59,41,66,55050
59,42,26,28095
59,45,55,65633
59,46,43,62334
59,47,198,134329
59,48,182,272305
59,49,141,140615
59,50,135,151786
59,51,27,24599
59,54,37,44239
59,55,607,510993
59,56,126,96225
59,57,229,184897
59,58,88,219660
59,59,210,1497086
59,60,208,430795
59,61,73,85273
59,62,26,22636
59,63,78,59688
59,64,112,99023
59,65,576,379943
59,66,297,202540
59,67,247,131805
59,68,364,273926
59,69,441,329416
59,70,722,533094
59,71,138,642506
59,72,370,227757
59,73,39,140368
59,74,288,427826
59,75,86,88414
59,76,307,224335
59,77,439,311449
59,82,12,15987
60,39,790,1414439
60,41,884,641657
60,42,759,471932
60,45,396,362090
60,46,364,555894
60,47,307,350128
60,48,625,1205024
60,49,442,305656
60,50,3231,2903217
60,51,777,491531
60,54,720,889043
60,55,1243,1161269
60,56,1076,719214
60,57,282,418037
60,58,57,211457
60,59,314,705478
60,60,2092,9209028
60,61,1126,1284485
60,62,107,197918
60,63,353,356954
60,64,157,336172
60,65,187,555631
60,66,280,675098
60,67,205,674342
60,68,284,365317
60,69,504,777397
60,70,1312,1648009
60,71,505,1306484
60,72,415,797103
60,73,589,1715313
60,74,4269,2316082
60,75,802,887084
60,76,970,1598775
60,77,971,1278075
60,82,318,327003
61,22,1,2525
61,39,179,173512
61,41,636,571853
61,42,568,411233
61,45,240,242256
61,46,158,163784
61,47,408,292583
61,48,583,794968
61,49,858,465460
61,50,4839,2821533
61,51,862,475754
61,54,451,451469
61,55,1181,623350
61,56,498,362076
61,57,261,323640
61,58,28,84375
61,59,59,388822
61,60,957,1255314
61,61,683,2142857
61,62,876,288472
61,63,990,373004
61,64,194,135385
61,65,795,455217
61,66,146,191244
61,67,153,314279
61,68,441,242978
61,69,864,233231
61,70,1510,957710
61,71,292,444926
61,72,141,357493
61,73,230,344740
61,74,2877,1688549
61,75,472,460107
61,76,542,544546
61,77,1493,1063290
61,82,371,311713
62,39,543,298186
62,41,471,228584
62,42,116,117571
62,45,214,149764
62,46,266,153865
62,47,252,159727
62,48,85,108017
62,49,758,217586
62,50,1020,500067
62,51,252,155163
62,54,242,91854
62,55,668,171599
62,56,229,152387
62,57,323,154169
62,58,36,30490
62,59,36,64334
62,60,219,420646
62,61,825,315531
62,62,206,770584
62,63,379,129180
62,64,704,202861
62,65,507,365073
62,66,96,115375
62,67,228,208237
62,68,237,112509
62,69,878,502541
62,70,2121,1235755
62,71,194,165039
62,72,179,194865
62,73,202,264996
62,74,301,151083
62,75,134,75457
62,76,453,305166
62,77,2465,915895
62,82,101,68299
63,39,268,424317
63,41,184,102085
63,42,91,56807
63,45,134,84086
63,46,140,73649
63,47,180,88639
63,48,132,168723
63,49,218,182296
63,50,665,318055
63,51,282,168722
63,54,214,173215
63,55,158,90241
63,56,140,133473
63,57,811,297588
63,58,35,37069
63,59,93,97302
63,60,287,395337
63,61,714,644312
63,62,95,92183
63,63,257,1037702
63,64,1007,312372
63,65,378,290010
63,66,303,302709
63,67,244,524188
63,68,257,158701
63,69,1153,741787
63,70,2394,1251485
63,71,241,233602
63,72,193,167802
63,73,135,191584
63,74,658,249692
63,75,106,66996
63,76,456,257457
63,77,478,404673
63,82,62,39876
64,39,289,243328
64,41,241,164326
64,42,125,99159
64,45,199,179130
64,46,278,335274
64,47,588,324119
64,48,373,341787
64,49,456,209661
64,50,1266,836258
64,51,257,169858
64,54,198,105673
64,55,917,462617
64,56,219,120949
64,57,425,304042
64,58,84,106562
64,59,111,191096
64,60,224,338663
64,61,297,224267
64,62,417,157806
64,63,915,502487
64,64,435,900424
64,65,642,466838
64,66,142,160794
64,67,223,231100
64,68,424,200904
64,69,1283,541142
64,70,1785,777283
64,71,257,241259
64,72,164,249310
64,73,136,404535
64,74,502,431750
64,75,317,166557
64,76,579,480089
64,77,3627,1960251
64,82,101,93676
65,39,713,568966
65,41,88,93581
65,42,114,133901
65,45,139,164755
65,46,59,83661
65,47,382,293155
65,48,148,166725
65,49,515,454584
65,50,1449,1400216
65,51,283,245318
65,54,257,243853
65,55,1234,1283511
65,56,179,157466
65,57,435,246171
65,58,88,67894
65,59,378,411582
65,60,123,205123
65,61,891,501138
65,62,449,312629
65,63,362,402233
65,64,286,182140
65,65,425,1157087
65,66,680,421627
65,67,565,428280
65,68,279,218770
65,69,3495,1054078
65,70,5041,1437680
65,71,169,296390
65,72,2698,1448653
65,73,85,132459
65,74,421,420440
65,75,80,82892
65,76,560,543201
65,77,573,691265
65,82,81,98395
66,34,1,20491
66,39,1138,663587
66,41,114,761973
66,42,97,100146
66,45,190,172591
66,46,121,113742
66,47,447,300728
66,48,124,185003
66,49,165,168094
66,50,244,347238
66,51,166,171733
66,54,50,61364
66,55,533,490579
66,56,344,310866
66,57,310,220270
66,58,159,268780
66,59,223,182381
66,60,230,408846
66,61,157,176275
66,62,111,17367175
66,63,243,182689
66,64,294,313740
66,65,575,518812
66,66,368,2003420
66,67,288,331184
66,68,176,147387
66,69,784,583588
66,70,1155,846388
66,71,133,153561
66,72,1258,922890
66,73,95,185169
66,74,258,337207
66,75,333,291006
66,76,846,632749
66,77,1120,948295
66,82,30,42704
67,39,1732,1156970
67,41,97,100015
67,42,170,164478
67,45,157,219582
67,46,275,202680
67,47,604,453100
67,48,127,251497
67,49,178,210873
67,50,426,564423
67,51,65,156880
67,54,64,126045
67,55,339,281327
67,56,396,310097
67,57,501,316529
67,58,107,191157
67,59,185,391294
67,60,191,787727
67,61,195,543075
67,62,272,208509
67,63,219,193374
67,64,340,286686
67,65,831,543143
67,66,251,639510
67,67,666,4178770
67,68,630,475553
67,69,2083,1317907
67,70,3190,2431220
67,71,376,305886
67,72,836,717537
67,73,189,310040
67,74,534,592464
67,75,455,399437
67,76,2540,1325243
67,77,1006,832990
67,82,45,83662
68,39,279,392245
68,41,130,92516
68,42,32,40995
68,45,354,221674
68,46,142,134749
68,47,180,93347
68,48,94,164311
68,49,229,120574
68,50,611,540131
68,51,141,113292
68,54,153,114680
68,55,224,188044
68,56,137,108982
68,57,505,446593
68,58,61,101403
68,59,102,179987
68,60,247,741468
68,61,316,219009
68,62,110,54873
68,63,83,275883
68,64,411,191777
68,65,437,384586
68,66,271,326986
68,67,615,429590
68,68,328,1690141
68,69,1221,536166
68,70,2094,923312
68,71,174,175899
68,72,218,298862
68,73,212,275301
68,74,437,330801
68,75,104,169428
68,76,162,176306
68,77,380,224167
68,82,57,43492
69,35,2,38119
69,39,3438,2009268
69,41,271,260041
69,42,454,412238
69,45,318,258327
69,46,336,260466
69,47,457,332492
69,48,397,479583
69,49,356,244436
69,50,1434,1193538
69,51,1406,900035
69,54,227,171229
69,55,1192,821091
69,56,469,377119
69,57,3005,1240259
69,58,192,188188
69,59,487,419520
69,60,355,675700
69,61,534,259140
69,62,668,374636
69,63,1240,656028
69,64,619,278086
69,65,6216,1972347
69,66,739,678732
69,67,2230,1930389
69,68,865,543658
69,69,421,1354149
69,70,138,577048
69,71,252,253841
69,72,853,596432
69,73,72,212682
69,74,1098,833029
69,75,483,454217
69,76,711,489886
69,77,1300,1070943
69,82,507,469885
70,2,1,17662
70,29,1,28226
70,39,1406,1299056
70,41,1294,1219638
70,42,1700,1418234
70,45,794,658666
70,46,317,266322
70,47,755,579832
70,48,1288,1382065
70,49,1216,826254
70,50,3622,3036218
70,51,3031,1954045
70,54,1678,1018200
70,55,3510,2593350
70,56,1172,1112601
70,57,1262,564182
70,58,181,193481
70,59,404,393339
70,60,1494,1952058
70,61,1690,764350
70,62,1313,622641
70,63,2168,1239892
70,64,1130,487625
70,65,2320,854994
70,66,749,831261
70,67,1579,1313839
70,68,2097,1006911
70,69,108,525719
70,70,533,3615683
70,71,362,490425
70,72,708,574678
70,73,442,605577
70,74,2866,2131235
70,75,1156,1001535
70,76,1151,834436
70,77,2598,2216985
70,82,996,946617
71,39,329,593466
71,41,175,131698
71,42,413,248904
71,45,225,146777
71,46,383,366500
71,47,293,231095
71,48,154,512759
71,49,140,113730
71,50,566,1004063
71,51,98,94993
71,54,85,86791
71,55,171,125481
71,56,337,217864
71,57,269,253637
71,58,109,97733
71,59,155,332026
71,60,788,1988316
71,61,235,189640
71,62,244,153653
71,63,787,328822
71,64,328,202257
71,65,544,438106
71,66,210,305429
71,67,543,823721
71,68,311,198098
71,69,604,397768
71,70,896,809723
71,71,619,6511257
71,72,332,278808
71,73,363,500789
71,74,408,393080
71,75,376,476048
71,76,219,736657
71,77,453,363890
71,82,334,197946
72,39,614,1127136
72,41,219,205637
72,42,67,60649
72,45,191,190464
72,46,181,151967
72,47,195,155759
72,48,116,312774
72,49,69,67758
72,50,241,423716
72,51,37,31072
72,54,80,75346
72,55,463,305140
72,56,304,228733
72,57,346,145349
72,58,145,198635
72,59,420,564860
72,60,605,1222170
72,61,128,131824
72,62,148,106784
72,63,167,105782
72,64,234,197772
72,65,2672,1559054
72,66,1045,723480
72,67,884,788031
72,68,147,175296
72,69,501,452192
72,70,811,509818
72,71,212,392879
72,72,436,3766862
72,73,173,572315
72,74,393,463751
72,75,198,164215
72,76,865,855840
72,77,709,628170
72,82,86,94479
73,39,599,928212
73,41,604,209247
73,42,244,200809
73,45,714,324597
73,46,199,209446
73,47,371,379028
73,48,118,324029
73,49,323,259892
73,50,538,972246
73,51,1098,696170
73,54,150,178218
73,55,718,410461
73,56,789,385818
73,57,149,174576
73,58,85,252988
73,59,72,397570
73,60,589,1205950
73,61,576,654983
73,62,194,378854
73,63,181,122747
73,64,186,206633
73,65,260,394809
73,66,186,475789
73,67,331,484557
73,68,201,181164
73,69,454,562458
73,70,1159,1252712
73,71,427,567949
73,72,213,343906
73,73,479,3328525
73,74,416,525020
73,75,422,346398
73,76,821,680936
73,77,2332,1403971
73,82,108,144329
74,39,292,319489
74,41,169,89741
74,42,389,146973
74,45,87,102142
74,46,173,145245
74,47,198,143022
74,48,1290,772145
74,49,586,153639
74,50,138,679516
74,51,713,261007
74,54,1274,822135
74,55,217,67925
74,56,45,205011
74,57,275,223523
74,58,56,224299
74,59,137,269686
74,60,3116,2778490
74,61,3903,2251110
74,62,112,165679
74,63,647,374535
74,64,704,416348
74,65,946,917011
74,66,153,234134
74,67,249,550570
74,68,446,375634
74,69,2103,1514243
74,70,3477,2582965
74,71,227,288726
74,72,193,235668
74,73,283,409183
74,74,668,3967918
74,75,390,316606
74,76,493,633360
74,77,233,306222
74,82,456,297229
75,39,700,868640
75,41,169,133589
75,42,402,275457
75,45,496,167034
75,46,206,110144
75,47,193,128610
75,48,189,298069
75,49,255,108054
75,50,564,565908
75,51,350,193592
75,54,514,332646
75,55,354,99381
75,56,57,124835
75,57,215,151881
75,58,96,85010
75,59,92,79540
75,60,590,1257740
75,61,342,276877
75,62,69,98341
75,63,139,55868
75,64,237,112132
75,65,119,132667
75,66,496,447072
75,67,557,555592
75,68,154,80637
75,69,383,320967
75,70,1087,982192
75,71,498,567015
75,72,406,333170
75,73,161,209809
75,74,395,209679
75,75,325,1399372
75,76,993,1040368
75,77,131,431428
75,82,290,134946
76,7,1,66748
76,25,1,23661
76,39,273,1014003
76,41,278,162267
76,42,283,671172
76,45,334,275762
76,46,291,262488
76,47,132,123834
76,48,249,687502
76,49,413,260868
76,50,1085,1344171
76,51,158,115588
76,54,333,337614
76,55,1211,662956
76,56,483,215313
76,57,275,295083
76,58,218,396688
76,59,223,333812
76,60,929,2321245
76,61,467,457776
76,62,336,232379
76,63,369,199230
76,64,577,382029
76,65,568,470901
76,66,665,707212
76,67,2061,1512480
76,68,173,236917
76,69,1085,639875
76,70,2797,1738414
76,71,172,663989
76,72,656,447495
76,73,408,660178
76,74,688,588305
76,75,429,504603
76,76,724,6134989
76,77,658,1082733
76,82,162,174059
77,39,632,616485
77,41,301,133842
77,42,685,334802
77,45,822,294125
77,46,204,173493
77,47,46,104913
77,48,244,368418
77,49,319,173040
77,50,1549,1215417
77,51,323,173416
77,54,293,307933
77,55,557,185962
77,56,313,193976
77,57,420,237619
77,58,129,158716
77,59,223,166902
77,60,1321,1959939
77,61,1443,863769
77,62,832,290359
77,63,300,198683
77,64,3427,1434826
77,65,550,492359
77,66,520,589572
77,67,515,634955
77,68,492,2371076
77,69,1303,966358
77,70,2408,1690610
77,71,208,531081
77,72,516,392162
77,73,984,613802
77,74,773,791308
77,75,122,470473
77,76,489,1009749
77,77,405,1912536
77,82,504,262799
80,2,17,22930
80,3,9,12201
80,4,8,8598
80,5,8,8843
80,6,155,308213
80,7,6,13920
80,8,3,3104
80,9,60,70453
80,10,15,16767
80,11,13,14306
80,12,4,23284
80,13,15,14950
80,14,71,86124
80,16,12,15725
80,36,1,169308
80,80,67,214605
80,84,399,292432
82,39,116,86902
82,41,437,111479
82,42,188,57013
82,45,107,40279
82,46,49,99565
82,47,145,88591
82,48,49,155278
82,49,170,78213
82,50,225,243466
82,51,121,45922
82,54,346,241117
82,55,705,313933
82,56,960,442949
82,57,149,129660
82,58,15,17738
82,59,17,48037
82,60,302,643826
82,61,474,377279
82,62,33,32132
82,63,63,40298
82,64,109,78458
82,65,55,72740
82,66,57,78242
82,67,94,93984
82,68,54,55972
82,69,646,643178
82,70,1457,1406381
82,71,276,245114
82,72,157,237492
82,73,86,145731
82,74,869,320443
82,75,784,317283
82,76,212,193921
82,77,545,318577
82,82,238,935609
83,22,270,148242
83,23,12,5602
83,24,14,9104
83,25,2,867
83,26,4,7692
83,34,2,5035
83,36,1,2300
83,83,36,390194
84,2,546,370005
84,3,161,103021
84,4,23,15430
84,5,12,27949
84,6,141,58317
84,7,42,34259
84,8,13,8155
84,9,99,35058
84,10,19,15892
84,11,41,97584
84,12,47,49341
84,13,15,8675
84,14,32,25509
84,16,5,4886
84,80,427,221465
84,84,124,944659
